{
    "name": "fluxed",
    "disable": false,
    "tier": 5,
    "color": "00FFFFFF",
    "armorPoints": 5,
    "enchantability": 0,
    "craftingMaterial": "null",
    "creative": false,
    "rarity": 0,
    "toughness": 0.0,
    "knockbackResistance": 0.0,
    "curios": true,
    "capacity": 50000000,
    "usage": 850,
    "speedVertical": 0.9,
    "accelVertical": 0.15,
    "speedSideways": 0.06,
    "speedHoverAscend": 0.45,
    "speedHoverDescend": 0.45,
    "speedHover": 0.0,
    "sprintSpeedMulti": 2.4,
    "sprintSpeedMultiVertical": 2.0,
    "sprintFuelMulti": 6.0
}