{
    "name": "vibrant",
    "disable": false,
    "tier": 4,
    "color": "00FFFFFF",
    "armorPoints": 5,
    "enchantability": 0,
    "craftingMaterial": "null",
    "creative": false,
    "rarity": 0,
    "toughness": 0.0,
    "knockbackResistance": 0.0,
    "curios": true,
    "capacity": 20000000,
    "usage": 450,
    "speedVertical": 0.8,
    "accelVertical": 0.14,
    "speedSideways": 0.05,
    "speedHoverAscend": 0.4,
    "speedHoverDescend": 0.4,
    "speedHover": 0.0,
    "sprintSpeedMulti": 2.0,
    "sprintSpeedMultiVertical": 2.0,
    "sprintFuelMulti": 4.0
}