
{
	"content": {
		"all_rew_moni_penny": {
			"type": "item",
			"content": "kubejs:moni_penny",
			"amount": {
				"min": 20,
				"max": 50
			},
			"unitWorth": 1,
			"rarity": "COMMON"
		},

		"all_rew_moni_nickel": {
			"type": "item",
			"content": "kubejs:moni_nickel",
			"amount": {
				"min": 6,
				"max": 12
			},
			"unitWorth": 5,
			"rarity": "UNCOMMON"
		},

		"all_rew_moni_quarter": {
			"type": "item",
			"content": "kubejs:moni_quarter",
			"amount": {
				"min": 2,
				"max": 3
			},
			"unitWorth": 25,
			"rarity": "RARE"
		},

		"all_rew_moni_dollar": {
			"type": "item",
			"content": "kubejs:moni_dollar",
			"amount": {
				"min": 1,
				"max": 1
			},
			"unitWorth": 100,
			"rarity": "EPIC"
		},
		"all_rew_xp_bottle": {
			"type": "item",
			"content": "minecraft:experience_bottle",
			"amount": {
				"min": 2,
				"max": 5
			},
			"unitWorth": 20,
			"rarity": "LEGENDARY"
		}
	}
}