{
  "parent": "minecraft:block/block",
  "loader": "gtceu:machine",
  "machine": "gtceu:cleaning_maintenance_hatch",
  "replaceable_textures": [
    "bottom",
    "top",
    "side"
  ],
  "variants": {
    "": {
      "model": {
        "parent": "gtceu:block/machine/part/cleaning_maintenance_hatch",
        "textures": {
          "bottom": "gtceu:block/casings/voltage/iv/bottom",
          "side": "gtceu:block/casings/voltage/iv/side",
          "top": "gtceu:block/casings/voltage/iv/top"
        }
      }
    }
  }
}
