[
  {
    "group": "curium",
    "name": "hecm-243",
    "forge_energy": 122880,
    "heat": 336,
    "criticality": 33,
    "depletion": 75,
    "efficiency": 150,
    "isotopes": [243, 246]
  },
  {
    "group": "curium",
    "name": "hecm-245",
    "forge_energy": 82560,
    "heat": 204,
    "criticality": 37,
    "depletion": 121,
    "efficiency": 155,
    "isotopes": [245, 246]
  },
  {
    "group": "curium",
    "name": "hecm-247",
    "forge_energy": 65280,
    "heat": 162,
    "criticality": 36,
    "depletion": 108,
    "efficiency": 160,
    "isotopes": [247, 246]
  },
  {
    "group": "curium",
    "name": "lecm-243",
    "forge_energy": 30720,
    "heat": 112,
    "criticality": 66,
    "depletion": 75,
    "efficiency": 145,
    "isotopes": [243, 246]
  },
  {
    "group": "curium",
    "name": "lecm-245",
    "forge_energy": 20640,
    "heat": 68,
    "criticality": 75,
    "depletion": 121,
    "efficiency": 150,
    "isotopes": [245, 246]
  },
  {
    "group": "curium",
    "name": "lecm-247",
    "forge_energy": 16320,
    "heat": 54,
    "criticality": 72,
    "depletion": 108,
    "efficiency": 155,
    "isotopes": [247, 246]
  }
]
