[
  {
    "group": "plutonium",
    "name": "hep-239",
    "forge_energy": 38400,
    "heat": 120,
    "criticality": 49,
    "depletion": 229,
    "efficiency": 145,
    "isotopes": [239, 242]
  },
  {
    "group": "plutonium",
    "name": "hep-241",
    "forge_energy": 94080,
    "heat": 210,
    "criticality": 42,
    "depletion": 158,
    "efficiency": 130,
    "isotopes": [241, 242]
  },
  {
    "group": "plutonium",
    "name": "lep-239",
    "forge_energy": 9600,
    "heat": 40,
    "criticality": 99,
    "depletion": 229,
    "efficiency": 150,
    "isotopes": [239, 242]
  },
  {
    "group": "plutonium",
    "name": "lep-241",
    "forge_energy": 23520,
    "heat": 70,
    "criticality": 84,
    "depletion": 158,
    "efficiency": 125,
    "isotopes": [241, 242]
  }
]
