{
    "version": 1,
    "tags": {
        "minecraft:item": {
            "forge:gears/copper": {"hammerlib:gears/copper": false},
            "forge:gears/wooden": {"hammerlib:gears/wooden": false},
            "forge:gears/iron": {"hammerlib:gears/iron": false},
            "forge:tools/wrench": {"hammerlib:wrench": false},
            "forge:gears/diamond": {"hammerlib:gears/diamond": false},
            "forge:gears/gold": {"hammerlib:gears/gold": false},
            "forge:gears/netherite": {"hammerlib:gears/netherite": false},
            "forge:gears/stone": {"hammerlib:gears/stone": false}
        },
        "minecraft:block": {
            "minecraft:mineable/pickaxe": {"hammerlib:test_machine": false},
            "minecraft:needs_iron_tool": {"hammerlib:test_machine": false}
        }
    },
    "unregistered": {}
}
