{
    "name": "electrical_steel",
    "disable": false,
    "tier": 2,
    "color": "00FFFFFF",
    "armorPoints": 5,
    "enchantability": 0,
    "craftingMaterial": "null",
    "creative": false,
    "rarity": 0,
    "toughness": 0.0,
    "knockbackResistance": 0.0,
    "curios": true,
    "capacity": 400000,
    "usage": 50,
    "speedVertical": 0.3,
    "accelVertical": 0.12,
    "speedSideways": 0.025,
    "speedHoverAscend": 0.18,
    "speedHoverDescend": 0.20,
    "speedHover": 0.0,
    "sprintSpeedMulti": 1.0,
    "sprintSpeedMultiVertical": 1.0,
    "sprintFuelMulti": 1.0
}