{
    "name": "energetic",
    "disable": false,
    "tier": 3,
    "color": "00FFFFFF",
    "armorPoints": 5,
    "enchantability": 0,
    "craftingMaterial": "null",
    "creative": false,
    "rarity": 0,
    "toughness": 0.0,
    "knockbackResistance": 0.0,
    "curios": true,
    "capacity": 4000000,
    "usage": 200,
    "speedVertical": 0.48,
    "accelVertical": 0.13,
    "speedSideways": 0.035,
    "speedHoverAscend": 0.34,
    "speedHoverDescend": 0.34,
    "speedHover": 0.0,
    "sprintSpeedMulti": 1.3,
    "sprintSpeedMultiVertical": 1.3,
    "sprintFuelMulti": 2.5
}