{
    "name": "leadstone",
    "disable": false,
    "tier": 1,
    "color": "00FFFFFF",
    "armorPoints": 5,
    "enchantability": 0,
    "craftingMaterial": "null",
    "creative": false,
    "rarity": 0,
    "toughness": 0.0,
    "knockbackResistance": 0.0,
    "curios": true,
    "capacity": 800000,
    "usage": 32,
    "speedVertical": 0.22,
    "accelVertical": 0.1,
    "speedSideways": 0.0,
    "speedHoverAscend": 0.18,
    "speedHoverDescend": 0.20,
    "speedHover": 0.0,
    "sprintSpeedMulti": 1.0,
    "sprintSpeedMultiVertical": 1.0,
    "sprintFuelMulti": 1.0
}